CPU-01,WEST-1FAAP-01/MODB-ST47
CPU-02,WEST-1FAAP-01/MODB-ST31
CPU-03,WEST-1FAAP-01/MODB-ST08
CPU-04,WEST-1FAAP-01/MODB-ST06
CPU-05,WEST-1FAAP-01/MODL-ST62
CPU-06,WEST-1FAAP-01/MODL-ST63
CPU-07,WEST-1FAAP-01/MODB-ST45
CPU-08,WEST-1FAAP-01/MODB-ST46
CPU-09,WEST-1FAAP-01/MODB-ST21
CPU-10,WEST-1FAAP-01/MODL-ST40
CPU-11,WEST-1FAAP-01/MODB-ST42
,
I/O-01,WEST-1FAAP-01/MODB-ST17
I/O-02,WEST-1FAAP-01/MODB-ST03
I/O-03,WEST-1FAAP-01/MODB-ST39
I/O-04,WEST-1FAAP-01/MODB-ST44
I/O-05,WEST-1FAAP-01/MODL-ST60
I/O-06,WEST-1FAAP-01/MODL-ST71
I/O-07,WEST-1FAAP-01/MODB-ST26
I/O-08,WEST-1FAAP-01/MODB-ST07
I/O-09,WEST-1FAAP-01/MODB-ST19
I/O-10,WEST-1FAAP-01/MODB-ST04
I/O-11,WEST-1FAAP-01/MODB-ST36
,
MLB-01,WEST-1FAAP-01/MODB-ST27
MLB-02,WEST-1FAAP-01/MODB-ST49
MLB-03,WEST-1FAAP-01/MODB-ST28
MLB-04,WEST-1FAAP-01/MODB-ST11
MLB-05,WEST-1FAAP-01/MODL-ST59
MLB-06,WEST-1FAAP-01/MODL-ST68
MLB-07,WEST-1FAAP-01/MODB-ST12
MLB-08,WEST-1FAAP-01/MODB-ST37
MLB-09,WEST-1FAAP-01/MODB-ST16
MLB-10,WEST-1FAAP-01/MODB-ST32
MLB-11,WEST-1FAAP-01/MODB-ST51
,
GFxA-01,WEST-1FAAP-01/MODB-ST41
GFxA-02,WEST-1FAAP-01/MODB-ST34
GFxA-03,WEST-1FAAP-01/MODB-ST25
GFxA-04,WEST-1FAAP-01/MODB-ST30
GFxA-05,WEST-1FAAP-01/MODL-ST95
GFxA-06,WEST-1FAAP-01/MODL-ST61
GFxA-07,WEST-1FAAP-01/MODB-ST29
GFxA-08,WEST-1FAAP-01/MODB-ST01
GFxA-09,WEST-1FAAP-01/MODB-ST13
GFxA-10,WEST-1FAAP-01/MODB-ST50
GFxA-11,WEST-1FAAP-01/MODB-ST18
,
GFxB-01,WEST-1FAAP-01/MODL-ST66
GFxB-02,WEST-1FAAP-01/MODB-ST35
GFxB-03,WEST-1FAAP-01/MODB-ST22
GFxB-04,WEST-1FAAP-01/MODB-ST05
GFxB-05,WEST-1FAAP-01/MODL-ST86
GFxB-06,WEST-1FAAP-01/MODL-ST58
GFxB-07,WEST-1FAAP-01/MODB-ST14
GFxB-08,WEST-1FAAP-01/MODL-ST10
GFxB-09,WEST-1FAAP-01/MODB-ST24
GFxB-10,WEST-1FAAP-01/MODB-ST33
GFxB-11,WEST-1FAAP-01/MODB-ST02
,
AUX1-01,WEST-1FAAP-01/MODB-ST55
AUX1-02,WEST-1FAAP-01/MODB-ST54
AUX1-03,WEST-1FAAP-01/MODB-ST53
AUX1-04,WEST-1FAAP-01/MODL-ST56
AUX1-05,WEST-1FAAP-01/MODL-ST57
,
AUX2-01,WEST-1FAAP-01/MODB-ST74
AUX2-02,WEST-1FAAP-01/MODB-ST75
AUX2-03,WEST-1FAAP-01/MODB-ST73
AUX2-04,WEST-1FAAP-01/MODB-ST72
AUX2-05,WEST-1FAAP-01/MODB-ST70
,
DBG-01,WEST-1FAAP-01/MODL-ST43
DBG-02,WEST-1FAAP-01/MODB-ST23
DBG-03,WEST-1FAAP-01/MODB-ST48
DBG-04,WEST-1FAAP-01/MODB-ST20
DBG-05,WEST-1FAAP-01/MODB-ST38
